{
  "0": [
    [
      76.81250000000182,
      272.4999999999982
    ],
    [
      74.31250000000182,
      272.4999999999982
    ],
    [
      74.31249999999818,
      471.4999999999982
    ],
    [
      76.81249999999818,
      471.4999999999982
    ]
  ],
  "1": [
    [
      246.9999999999909,
      69.93467336683705
    ],
    [
      246.9999999999909,
      68.00000000000284
    ],
    [
      92.99999999998988,
      68.0
    ],
    [
      92.99999999998988,
      69.9346733668342
    ]
  ],
  "2": [
    [
      1885.999999999999,
      267.3455915910235
    ],
    [
      1867.098411185186,
      259.5162971535301
    ],
    [
      1864.722908439067,
      261.576559761952
    ],
    [
      1864.277091560932,
      255.3034402380526
    ],
    [
      1861.901588814809,
      257.3637028464745
    ],
    [
      1842.999999999999,
      249.5344084089811
    ]
  ],
  "3": [
    [
      1864.000000000087,
      139.9711059641904
    ],
    [
      1864.000000000087,
      115.0000000000072
    ]
  ],
  "4": [
    [
      1866.000000000087,
      151.4855529820997
    ],
    [
      1866.000000000087,
      126.5144470179166
    ]
  ],
  "5": [
    [
      1992.500000172214,
      215.9216270347606
    ],
    [
      1992.500000172214,
      217.2966270347606
    ],
    [
      2029.000000172214,
      217.2966270347606
    ],
    [
      2029.000000172214,
      215.9216270347606
    ]
  ],
  "6": [
    [
      1975.250000172214,
      217.9216270347606
    ],
    [
      1975.250000172214,
      219.2966270347606
    ],
    [
      2011.750000172214,
      219.2966270347606
    ],
    [
      2011.750000172214,
      217.9216270347606
    ]
  ],
  "7": [
    [
      2035.000000000001,
      224.109127034761
    ],
    [
      2083.000000000001,
      224.1091270347592
    ],
    [
      2083.0,
      209.1091270347595
    ],
    [
      2035.0,
      209.1091270347613
    ]
  ],
  "8": [
    [
      1942.0,
      228.5
    ],
    [
      1954.0,
      228.5
    ],
    [
      1954.0,
      216.5
    ],
    [
      1942.0,
      216.5
    ]
  ],
  "9": [
    [
      1959.0,
      221.6091270347606
    ],
    [
      1961.0,
      221.6091270347606
    ],
    [
      1961.0,
      219.1091270347606
    ],
    [
      1959.0,
      219.1091270347606
    ]
  ],
  "10": [
    [
      2001.0,
      221.6091270347606
    ],
    [
      1999.0,
      221.6091270347606
    ],
    [
      1999.0,
      219.1091270347606
    ],
    [
      2001.0,
      219.1091270347606
    ]
  ],
  "11": [
    [
      1999.0,
      221.6091270347606
    ],
    [
      1961.0,
      221.6091270347606
    ],
    [
      1961.0,
      219.1091270347606
    ],
    [
      1999.0,
      219.1091270347606
    ]
  ],
  "12": [
    [
      60.0,
      839.999999999998
    ],
    [
      2136.0,
      839.999999999998
    ],
    [
      2136.0,
      59.99999999999794
    ],
    [
      60.0,
      59.99999999999795
    ]
  ],
  "13": [
    [
      207.4314575050431,
      846.0
    ],
    [
      222.9237028465123,
      808.5984111850029
    ],
    [
      220.8634402380903,
      806.2229084388837
    ],
    [
      227.1365597619897,
      805.7770915607488
    ],
    [
      225.0762971535678,
      803.4015888146258
    ],
    [
      237.2548339961626,
      773.9999999993706
    ]
  ],
  "14": [
    [
      1467.568542495051,
      845.9999999999981
    ],
    [
      1452.076297153582,
      808.598411185001
    ],
    [
      1454.136559762004,
      806.2229084388817
    ],
    [
      1447.863440238105,
      805.777091560747
    ],
    [
      1449.923702846527,
      803.4015888146241
    ],
    [
      1437.745166003932,
      773.9999999993687
    ]
  ],
  "15": [
    [
      1980.445436482627,
      791.3634890366848
    ],
    [
      1980.445436482627,
      815.3634890366848
    ],
    [
      2076.445436482627,
      815.3634890366848
    ],
    [
      2076.445436482627,
      791.3634890366848
    ]
  ]
}